repository,maven,stargazers_count,forks_count,watchers_count,size,default_branch,language,created_at,updated_at,pushed_at,sha,sha_data,components,duplicates,time,state,Folder,File,Manifest,Pom,Gradle,Ant,uniform_build
Activiti/Activiti,9,3725,2734,3725,93174,develop,Java,2012-09-13T11:34:43Z,2018-07-26T15:40:40Z,2018-07-26T16:05:39Z,16a5e9ec2d6de63c23594ba1d928b010e2e82390,2018-07-26T15:40:33Z,0,0,7154,done,787,3962,1.0,1.0,0.0,0.0,False
Alluxio/alluxio,30,3578,1911,3578,90361,master,Java,2012-12-21T17:43:46Z,2018-07-26T16:33:42Z,2018-07-26T22:15:11Z,9306cbfc76beacdad55d77ca8d855201bd393e72,2018-07-26T15:16:28Z,0,0,2408,done,699,2543,0.0,1.0,0.0,0.0,True
AsyncHttpClient/async-http-client,13,4523,1276,4523,17742,master,Java,2011-03-07T13:41:46Z,2018-07-26T14:32:20Z,2018-07-25T09:01:08Z,72ed867969dd92a3888832bd5cab72c39160052d,2018-07-12T07:29:46Z,0,0,1151,done,207,391,0.0,1.0,0.0,0.0,True
Atmosphere/atmosphere,8,3180,695,3180,109303,master,Java,2010-06-30T14:26:23Z,2018-07-26T09:37:42Z,2018-07-20T16:30:18Z,aaced02e1d44bc5bc2d1904b67cf402e91f07966,2018-07-20T15:28:44Z,0,0,981,done,76,375,0.0,1.0,0.0,0.0,True
EnterpriseQualityCoding/FizzBuzzEnterpriseEdition,1,9421,462,9421,284,master,Java,2012-11-24T00:14:41Z,2018-07-26T17:56:21Z,2018-05-11T07:55:32Z,cdfac751e51e18607b67d6ca3794a8d703863aa9,2017-02-04T08:41:15Z,0,0,915,done,45,101,0.0,1.0,1.0,0.0,False
Graylog2/graylog2-server,8,4342,658,4342,82551,master,Java,2010-05-17T21:27:02Z,2018-07-26T13:46:56Z,2018-07-26T13:46:55Z,07766b973f9c486e78668bfdfd4e206946ccf84f,2018-07-26T13:46:51Z,0,0,4486,done,917,3499,0.0,1.0,0.0,0.0,True
JakeWharton/ActionBarSherlock,10,7301,3910,7301,21244,master,Java,2011-03-07T17:28:54Z,2018-07-26T04:37:20Z,2015-12-17T17:54:50Z,2c71339e756bcc0b1424c4525680549ba3a2dc97,2014-12-20T02:23:02Z,0,0,1399,done,209,868,0.0,1.0,1.0,0.0,False
JakeWharton/DiskLruCache,1,4489,1036,4489,416,master,Java,2012-01-05T00:36:34Z,2018-07-26T02:16:38Z,2017-11-27T03:19:41Z,3e016356cfc7e5f9644a7a732fe0223e9742e024,2016-06-01T14:27:39Z,0,0,874,done,12,15,0.0,1.0,0.0,0.0,True
JakeWharton/NineOldAndroids,3,4410,1653,4410,1207,master,Java,2011-12-08T19:46:37Z,2018-07-26T09:15:18Z,2016-04-23T04:31:21Z,d582f0ec8e79013e9fa96c07986160b52e662e63,2014-12-20T02:24:56Z,0,0,849,done,25,78,0.0,1.0,0.0,0.0,True
JakeWharton/ViewPagerIndicator,3,9846,4289,9846,8657,master,Java,2011-08-04T17:13:44Z,2018-07-26T14:10:58Z,2017-11-26T17:13:46Z,8cd549f23f3d20ff920e19a2345c54983f65e26b,2012-09-12T16:08:57Z,0,0,835,done,28,154,0.0,1.0,0.0,0.0,True
JeffLi1993/springboot-learning-example,30,5748,3186,5748,256,master,Java,2017-02-06T07:02:25Z,2018-07-26T16:47:11Z,2018-06-07T01:58:04Z,435b375e8a224d717fd3095851da3baaa659c54e,2018-05-05T05:12:32Z,0,0,1080,done,499,301,0.0,1.0,0.0,0.0,True
JodaOrg/joda-time,1,3646,759,3646,10595,master,Java,2011-05-16T16:49:57Z,2018-07-26T08:34:58Z,2018-05-30T20:52:29Z,5f98d636174cc0c6b76c9f434ee17e2b36577414,2018-05-30T20:52:24Z,0,0,1257,done,41,477,0.0,1.0,0.0,0.0,True
MyCATApache/Mycat-Server,1,4583,2725,4583,17043,1.6,Java,2014-12-04T02:46:54Z,2018-07-26T15:51:45Z,2018-07-26T14:51:46Z,c7600d74993e2a519997c8ac7c3d55b35b9425e7,2018-07-25T16:01:21Z,0,0,2125,done,209,1144,0.0,1.0,0.0,0.0,True
NLPchina/ansj_seg,8,4339,1980,4339,353700,master,Java,2012-09-05T05:56:24Z,2018-07-26T12:05:42Z,2018-07-14T12:26:04Z,6cc17ad21a9acbf95b4c26e76bc52f821a5516da,2018-07-14T12:26:03Z,0,0,1405,done,140,236,0.0,1.0,0.0,0.0,True
NanoHttpd/nanohttpd,14,3931,1202,3931,1337,master,Java,2012-08-10T21:52:42Z,2018-07-26T14:34:05Z,2018-06-27T00:10:24Z,fd80618e93d17f8f05e11006eaa048a22213714d,2018-04-06T14:30:44Z,0,0,1044,done,147,158,0.0,1.0,1.0,0.0,False
PhilJay/MPAndroidChart,1,23373,6324,23373,20984,master,Java,2014-04-25T14:29:47Z,2018-07-26T19:43:54Z,2018-07-25T16:55:03Z,c1f6fcebf0c3516e067b34312b283189f909bde5,2018-06-06T07:14:41Z,0,0,1119,done,73,414,0.0,1.0,1.0,0.0,False
SeleniumHQ/selenium,1,11279,4131,11279,1599873,master,Java,2013-01-14T21:40:56Z,2018-07-26T21:56:34Z,2018-07-26T21:56:15Z,e910737a9cee6cd7ad0f442bc943997ee9674683,2018-07-26T21:55:09Z,0,0,15490,done,779,5636,0.0,1.0,0.0,0.0,True
Tencent/angel,13,3522,888,3522,41397,master,Java,2017-04-25T05:57:43Z,2018-07-26T15:03:46Z,2018-07-24T09:17:59Z,9cbd972caa4b018dd43d85465c5ce14cf11768e8,2018-07-24T09:17:58Z,0,0,3111,done,514,1587,0.0,1.0,0.0,0.0,True
TooTallNate/Java-WebSocket,1,4214,1426,4214,3290,master,Java,2010-01-20T23:33:04Z,2018-07-26T10:58:21Z,2018-07-25T20:27:21Z,7bdd22d61615e4d420e1731ddb4acbfdcc2605d6,2018-07-25T20:27:20Z,0,0,1265,done,36,130,0.0,1.0,1.0,1.0,False
Trinea/android-common,1,4745,2765,4745,1400,master,Java,2012-06-19T07:49:46Z,2018-07-25T10:07:07Z,2017-05-16T16:03:36Z,43ebcee553a970922afd0d822959f99dba84b8f4,2016-10-31T12:30:28Z,0,0,1322,done,23,96,0.0,1.0,0.0,0.0,True
alibaba/canal,18,5292,2122,5292,2047,master,Java,2013-01-13T10:59:52Z,2018-07-26T09:51:42Z,2018-07-26T08:06:14Z,8cfb70e0809ba12fa5bc9f0131e4412064d8b1ac,2018-07-26T08:05:33Z,0,0,1556,done,352,436,0.0,1.0,0.0,0.0,True
alibaba/druid,2,12381,4883,12381,53077,master,Java,2011-11-03T05:12:51Z,2018-07-26T18:22:09Z,2018-07-24T15:53:45Z,b3572b7601e16efa34d10bcfcadfe3b887c3dc05,2018-07-20T01:47:43Z,0,0,5003,done,399,4647,1.0,1.0,0.0,0.0,False
alibaba/fastjson,1,14397,4301,14397,11772,master,Java,2011-11-03T06:58:52Z,2018-07-26T13:19:55Z,2018-07-26T22:54:35Z,42252b96fbead7b110de1b7a77ac6aa9e4fa8e75,2018-07-20T09:05:01Z,0,0,2883,done,226,2672,1.0,1.0,0.0,0.0,False
alibaba/jstorm,21,3553,1816,3553,107798,master,Java,2013-09-03T03:53:16Z,2018-07-26T04:59:16Z,2018-05-28T08:40:52Z,5d6cde22dbca7df3d6e6830bf94f98a6639ab559,2018-05-14T03:53:11Z,0,0,2448,done,554,2081,0.0,1.0,0.0,0.0,True
alibaba/otter,17,3339,1388,3339,11981,master,Java,2013-08-09T09:31:22Z,2018-07-26T09:28:52Z,2018-07-24T02:36:21Z,9be083ed38b79502be11ee72a63f276dc3f2eb92,2018-07-23T08:17:39Z,0,0,2569,done,547,1213,1.0,1.0,0.0,0.0,False
androidannotations/androidannotations,22,10388,2475,10388,21918,develop,Java,2012-01-06T08:48:03Z,2018-07-26T09:05:06Z,2018-07-20T18:16:20Z,5703c1a02bcee62e893be7ae0cdc5143313f47e8,2018-06-20T16:33:58Z,0,0,1624,done,420,1090,0.0,1.0,1.0,0.0,False
antlr/antlr4,12,4251,1167,4251,62198,master,Java,2010-02-04T01:36:28Z,2018-07-26T20:46:39Z,2018-07-24T22:56:46Z,1375995edbe869e0eabcef316d2388ca7881f581,2018-07-24T22:56:43Z,0,0,2499,done,257,1875,0.0,1.0,0.0,0.0,True
apache/flink,30,4045,2711,4045,161051,master,Java,2014-06-07T07:00:10Z,2018-07-26T18:06:03Z,2018-07-26T20:51:27Z,fef9300c80fbd3c0215cd6810ed67d6ddeb6ae60,2018-07-26T16:10:09Z,0,0,24185,done,2948,8638,0.0,1.0,0.0,0.0,True
apache/hadoop,30,7699,4892,7699,441120,trunk,Java,2014-08-28T07:00:08Z,2018-07-26T22:55:50Z,2018-07-26T23:02:11Z,77721f39e26b630352a1f4087524a3fbd21ff06e,2018-07-26T22:35:36Z,0,0,24402,done,3466,13518,0.0,1.0,0.0,0.0,True
apache/incubator-dubbo,30,20371,14099,20371,11410,master,Java,2012-06-19T07:56:02Z,2018-07-26T19:37:34Z,2018-07-26T14:35:29Z,e90d95c0d9f1d0fecf411ccf9066d74c88442c6e,2018-07-26T12:21:01Z,0,0,2105,done,1411,1695,0.0,1.0,0.0,0.0,True
apache/incubator-skywalking,30,3934,1236,3934,139413,master,Java,2015-11-07T03:30:36Z,2018-07-26T12:43:16Z,2018-07-26T14:49:21Z,6753478a7769f22ff82aaedbdec79da3a38058fc,2018-07-26T12:03:32Z,0,0,3563,done,2376,2905,0.0,1.0,0.0,0.0,True
apache/kafka,3,9048,5198,9048,71180,trunk,Java,2011-08-15T18:06:16Z,2018-07-26T18:41:02Z,2018-07-26T20:16:47Z,a932520135d42c7d9731064d96c21ab2fc5de696,2018-07-26T17:29:09Z,0,0,2223,done,619,2686,0.0,1.0,1.0,0.0,False
apache/rocketmq,16,4867,2231,4867,3792,master,Java,2016-11-30T08:00:08Z,2018-07-26T15:50:39Z,2018-07-26T04:04:17Z,0f76489882d3954fd640e28c7b8704b6d9f3096f,2018-07-14T03:01:42Z,0,0,1427,done,390,906,0.0,1.0,0.0,0.0,True
apache/storm,30,5187,3661,5187,175731,master,Java,2013-11-05T08:00:14Z,2018-07-26T12:44:05Z,2018-07-26T22:20:41Z,7a0fa47f76e5cdfc6a5a0b89352e191b17e74b13,2018-07-24T19:51:39Z,0,0,3256,done,1305,2988,0.0,1.0,0.0,0.0,True
apache/zeppelin,30,3682,1867,3682,67539,master,Java,2015-03-25T07:00:06Z,2018-07-26T09:51:11Z,2018-07-26T21:57:58Z,76e0027c2d43ac693c86a2123c2b589b9faaaeb3,2018-07-26T07:05:01Z,0,0,2163,done,1062,1696,0.0,1.0,0.0,0.0,True
apereo/cas,1,4481,2228,4481,1373674,master,Java,2011-09-09T01:36:42Z,2018-07-26T21:47:15Z,2018-07-26T22:39:36Z,64b38c3e701f86e71b4663f19eaa02b03ca84b4a,2018-07-26T17:23:02Z,0,0,14830,done,5406,4446,0.0,1.0,1.0,0.0,False
b3log/solo,1,4810,1909,4810,48656,master,Java,2012-04-10T02:08:05Z,2018-07-26T17:17:13Z,2018-07-26T02:21:10Z,6ebabe3c968b5140b7fed65b7f341711ce27ad03,2018-07-26T00:38:50Z,0,0,2656,done,204,2013,0.0,1.0,0.0,0.0,True
bauerca/drag-sort-listview,3,3193,1579,3193,2461,master,Java,2012-06-01T06:32:13Z,2018-07-24T18:12:56Z,2016-01-12T13:26:25Z,c3cfccee21676149dfdf8e803c0ec2eaebc6b841,2013-04-23T23:26:53Z,0,0,651,done,27,88,0.0,1.0,0.0,1.0,False
bazelbuild/bazel,20,9554,1501,9554,477850,master,Java,2014-06-12T16:00:38Z,2018-07-26T23:04:11Z,2018-07-26T23:03:57Z,6964a0b68444333ed13a355a7f6799adb931b4aa,2018-07-26T23:03:27Z,0,0,12043,done,1427,9854,0.0,1.0,1.0,1.0,False
ben-manes/caffeine,1,4290,383,4290,96311,master,Java,2014-12-13T08:45:11Z,2018-07-26T17:20:58Z,2018-07-18T16:43:02Z,29389bef6351bad4b60e8d432a5d1cb208d2db52,2018-07-18T16:43:00Z,0,0,1031,done,229,466,0.0,1.0,1.0,0.0,False
brettwooldridge/HikariCP,1,7430,1143,7430,4937,dev,Java,2013-10-08T05:43:03Z,2018-07-26T22:55:15Z,2018-07-12T17:40:24Z,7209aabeccfe0e8e13e72b4e487f406f2e16c796,2018-07-12T17:40:22Z,0,0,756,done,32,104,0.0,1.0,0.0,0.0,True
checkstyle/checkstyle,1,3791,6513,3791,59153,master,Java,2013-08-31T02:05:05Z,2018-07-26T18:55:39Z,2018-07-23T19:10:56Z,6d6bcc02779c140cad181dd0c99ff5c7b645a54c,2018-07-23T19:10:55Z,0,0,2135,done,561,2503,0.0,1.0,0.0,0.0,True
chrisbanes/Android-PullToRefresh,6,8717,5109,8717,4286,master,Java,2011-11-29T09:59:56Z,2018-07-26T16:08:22Z,2017-10-13T08:40:58Z,3bd8ef6869c3297bfe874d2f15c2ee53c3456e99,2013-02-02T12:31:46Z,0,0,664,done,75,127,0.0,1.0,0.0,0.0,True
clojure/clojure,1,7253,1178,7253,13623,master,Java,2010-06-29T20:03:33Z,2018-07-26T22:36:50Z,2018-07-04T15:00:43Z,71511b7800e18c83377a322f43585a853b303698,2018-07-04T14:56:17Z,0,0,884,done,40,310,0.0,1.0,0.0,1.0,False
code4craft/webmagic,7,6815,3166,6815,17054,master,Java,2013-04-23T12:57:36Z,2018-07-26T14:45:08Z,2018-07-09T10:07:06Z,be892b80bf6682cd063d30ac25a79be0c079a901,2017-12-02T02:57:06Z,0,0,852,done,146,284,0.0,1.0,0.0,0.0,True
codecentric/spring-boot-admin,18,5055,1464,5055,14991,master,Java,2014-07-25T11:39:13Z,2018-07-26T21:54:09Z,2018-07-26T06:45:16Z,c43b2e92a8066f72add6a94569f1ab41e71c7233,2018-07-26T06:44:50Z,0,0,1199,done,282,438,0.0,1.0,0.0,0.0,True
commonsguy/cw-omnibus,3,4572,3622,4572,75053,master,Java,2012-03-12T14:12:06Z,2018-07-26T13:36:55Z,2018-06-27T00:50:25Z,489d24d6212fec11656ed918c88153099ae89204,2018-06-03T18:35:37Z,0,0,43911,done,10843,14073,0.0,1.0,1.0,1.0,False
ctripcorp/apollo,11,6714,2422,6714,41202,master,Java,2016-03-04T10:24:23Z,2018-07-26T14:48:39Z,2018-07-25T16:02:41Z,37cedbc0292a7a441c515ac68c8027cdac922515,2018-07-25T16:02:40Z,0,0,1360,done,380,1101,0.0,1.0,0.0,0.0,True
dbeaver/dbeaver,30,5695,485,5695,236160,devel,Java,2015-10-21T08:26:28Z,2018-07-26T22:20:28Z,2018-07-25T16:08:16Z,fb12261e2a56565676461b5681e8ba4a87036844,2018-07-25T07:14:12Z,35,0,5024,done,1191,4585,1.0,1.0,0.0,0.0,False
deeplearning4j/deeplearning4j,30,9394,4369,9394,572032,master,Java,2013-11-27T02:03:28Z,2018-07-26T21:45:00Z,2018-07-26T21:44:57Z,eebc625040101069a2aac48762bcc18adebd4e05,2018-07-26T21:44:52Z,0,0,9684,done,2969,7835,0.0,1.0,0.0,0.0,True
dropwizard/dropwizard,30,6731,2877,6731,72902,master,Java,2011-01-19T19:52:29Z,2018-07-26T21:19:19Z,2018-07-25T07:51:25Z,49e961cb41627909bfb8c479dfdd3465ae9193ca,2018-07-12T14:08:46Z,0,0,1421,done,646,1227,0.0,1.0,0.0,0.0,True
dropwizard/metrics,25,5886,1521,5886,8592,4.1-development,Java,2010-02-26T19:44:42Z,2018-07-26T16:49:37Z,2018-07-18T22:25:18Z,0d3cea2ca3daba905fa9650d9a79930f308a4b10,2018-07-17T20:38:34Z,0,0,926,done,308,369,0.0,1.0,0.0,0.0,True
druid-io/druid,30,6790,1671,6790,141002,master,Java,2012-10-23T19:08:07Z,2018-07-26T21:18:22Z,2018-07-26T21:17:58Z,7919e4d5df1452573ad85179239a0f43c35fd284,2018-07-26T21:17:57Z,0,0,3857,done,1456,4257,0.0,1.0,0.0,0.0,True
dyc87112/SpringBoot-Learning,30,3948,1744,3948,32693,master,Java,2016-08-21T03:39:06Z,2018-07-26T16:29:43Z,2018-05-14T01:58:21Z,88d49d7d668bb5510b77ebcf4990aa4a9937c163,2018-04-15T13:01:46Z,0,0,1043,done,661,353,0.0,1.0,0.0,0.0,True
eclipse/che,30,4932,887,4932,91462,master,Java,2015-03-26T15:31:01Z,2018-07-26T22:16:46Z,2018-07-26T23:03:19Z,598ecdd6cf44fda6a884aa52a007eefd7982e339,2018-07-26T22:16:36Z,0,0,29423,done,8933,12736,0.0,1.0,0.0,0.0,True
eclipse/vert.x,1,8160,1386,8160,101006,master,Java,2011-06-17T14:54:55Z,2018-07-26T15:19:52Z,2018-07-26T16:00:47Z,01bc1489fa56084d0aa658eaad9e61d40217a452,2018-07-26T13:58:39Z,0,0,1057,done,141,887,0.0,1.0,0.0,0.0,True
elasticjob/elastic-job-lite,12,3843,1865,3843,104627,dev,Java,2015-09-11T11:28:52Z,2018-07-26T12:29:26Z,2018-07-14T10:11:48Z,b022898ef1b8c984e17efb2a422ee45f6b13e46e,2018-03-28T15:42:04Z,0,0,906,done,269,502,0.0,1.0,0.0,0.0,True
emilsjolander/StickyListHeaders,1,5322,1557,5322,3866,master,Java,2012-03-11T18:29:18Z,2018-07-26T08:09:45Z,2018-05-03T21:01:06Z,cec8d6a6ddfc29c530df5864794a5a0a2d2f3675,2015-05-20T18:31:51Z,0,0,763,done,26,57,0.0,1.0,1.0,1.0,False
eugenp/tutorials,30,7096,11144,7096,107879,master,Java,2013-04-29T18:26:36Z,2018-07-26T21:32:41Z,2018-07-26T22:47:29Z,7070f25400c070ec499461a795b424b802665047,2018-07-26T20:57:19Z,0,0,40726,done,9490,14001,1.0,1.0,1.0,1.0,False
facebook/buck,1,5963,900,5963,862035,master,Java,2013-04-17T18:12:18Z,2018-07-26T23:04:49Z,2018-07-26T23:04:40Z,f7be437825b9e4350aee89896cf8cb88919d4cc1,2018-07-26T23:04:37Z,0,0,23223,done,3911,12821,0.0,0.0,1.0,1.0,False
facebook/fresco,1,14763,3581,14763,64091,master,Java,2015-03-02T09:58:04Z,2018-07-26T11:36:15Z,2018-07-26T09:00:34Z,ed5c07595678010570a03d0118ecd80850c68d61,2018-07-24T19:06:28Z,0,0,2296,done,779,2252,0.0,1.0,1.0,0.0,False
flyway/flyway,5,3218,799,3218,13435,master,Java,2012-12-14T18:43:22Z,2018-07-26T22:17:11Z,2018-07-09T16:00:00Z,f3e7f8f0c603495ae6aa48a1c3d08b84dc734aee,2018-07-09T15:59:51Z,0,0,1068,done,107,359,0.0,1.0,0.0,0.0,True
google/auto,11,6804,745,6804,2604,master,Java,2013-05-22T21:41:56Z,2018-07-26T13:51:34Z,2018-07-23T21:08:23Z,6f1397d4fe867d16fd72942eedc4208f15a5b900,2018-07-23T21:08:19Z,0,0,901,done,127,269,0.0,1.0,0.0,0.0,True
google/closure-compiler,7,4298,835,4298,143095,master,Java,2014-04-16T15:30:36Z,2018-07-26T16:04:19Z,2018-07-26T16:04:13Z,8cb0d7e9dde943cd2f46a9cb916c511fc9616901,2018-07-26T16:03:35Z,0,0,2073,done,134,1760,0.0,1.0,0.0,0.0,True
google/error-prone,18,3814,407,3814,57013,master,Java,2014-08-21T23:26:50Z,2018-07-26T13:55:20Z,2018-07-19T17:43:15Z,4d7b19f3cb7b46a931856b0c3ca8b1f37c57508f,2018-07-19T17:43:07Z,0,0,1982,done,266,1994,0.0,1.0,1.0,1.0,False
google/guava,9,25618,5834,25618,225429,master,Java,2014-05-29T16:23:17Z,2018-07-26T16:08:12Z,2018-07-20T22:38:22Z,34c1616279efe08089960aafd3df486cf8a04820,2018-07-16T20:43:01Z,0,0,2396,done,320,3237,0.0,1.0,0.0,0.0,True
google/guice,19,6944,1065,6944,68198,master,Java,2014-05-28T23:18:53Z,2018-07-26T13:26:06Z,2018-07-16T18:51:12Z,cab3f07f15bdf904561fc9d30dd4f9697719993b,2018-07-13T15:29:19Z,0,0,1297,done,212,703,0.0,1.0,0.0,1.0,False
google/iosched,2,15733,5338,15733,46858,master,Java,2014-04-01T22:40:40Z,2018-07-26T15:50:53Z,2018-07-23T02:56:40Z,6a33a887ab1de307922bc33b1ee49c14e6124d92,2017-08-18T16:00:26Z,0,0,1560,done,452,1293,0.0,1.0,1.0,1.0,False
google/j2objc,2,5191,723,5191,46156,master,Java,2014-01-30T20:19:56Z,2018-07-26T15:33:03Z,2018-06-15T18:21:03Z,b3ce6b70a1bce68b5cb574154b7144c3ef242e13,2018-06-15T18:15:22Z,0,0,3311,done,891,4018,0.0,1.0,0.0,0.0,True
grpc/grpc-java,1,4606,1488,4606,25673,master,Java,2014-12-08T19:00:00Z,2018-07-26T21:56:45Z,2018-07-26T21:56:36Z,75b48b4dfe82709a35bc2a0cf66a32f0b0eb6df0,2018-07-26T21:56:35Z,0,0,1485,done,632,1158,0.0,1.0,1.0,0.0,False
hankcs/HanLP,1,8085,2551,8085,51544,master,Java,2014-10-09T06:36:16Z,2018-07-26T21:57:52Z,2018-07-21T13:30:45Z,44c4b529b37ee0fef708cbee60246fa4d6b2e863,2018-07-21T13:30:25Z,0,0,1332,done,178,610,0.0,1.0,0.0,0.0,True
hibernate/hibernate-orm,9,3303,2263,3303,159643,master,Java,2010-10-04T16:15:52Z,2018-07-26T20:37:50Z,2018-07-26T12:41:54Z,ea77c1fb4b65905622e2ab74211c232e6dcac9b2,2018-07-23T19:37:49Z,0,0,13842,done,2371,10968,0.0,1.0,1.0,0.0,False
iluwatar/java-design-patterns,30,36318,11739,36318,17732,master,Java,2014-08-09T16:45:18Z,2018-07-26T22:09:10Z,2018-07-18T09:15:14Z,d915b66e70bf8ba7ad07daf8fcc3d9972b8cf435,2018-07-08T06:55:36Z,0,0,2533,done,1723,1613,0.0,1.0,0.0,0.0,True
ityouknow/spring-boot-examples,27,5029,2902,5029,897,master,Java,2016-11-05T05:32:33Z,2018-07-26T16:56:36Z,2018-06-19T03:20:24Z,19b4668abd690ce39678ca74f7edfffa8a993aab,2018-06-19T03:20:05Z,0,0,1006,done,381,279,0.0,1.0,0.0,0.0,True
java-native-access/jna,4,4079,1020,4079,329329,master,Java,2011-04-29T13:30:29Z,2018-07-25T23:18:44Z,2018-07-22T09:16:29Z,c7419aff496080278f9d0ff066eeda377cca43ae,2018-07-22T09:16:29Z,0,0,1807,done,185,1113,0.0,1.0,0.0,1.0,False
jenkinsci/jenkins,5,10724,4629,10724,108471,master,Java,2010-11-22T21:21:23Z,2018-07-26T22:54:02Z,2018-07-26T13:50:28Z,e7b1a1217e56b59fa76c1f88d6a93f8a13f2adcf,2018-07-25T15:28:53Z,0,0,14645,done,935,11905,0.0,1.0,0.0,0.0,True
jfeinstein10/SlidingMenu,3,11053,5492,11053,32085,master,Java,2012-06-30T05:14:23Z,2018-07-26T21:03:52Z,2017-03-31T02:15:51Z,4254feca3ece9397cd501921ee733f19ea0fdad8,2014-03-09T21:30:35Z,0,0,945,done,52,137,0.0,1.0,1.0,0.0,False
jhy/jsoup,1,6192,1514,6192,2850,master,Java,2009-12-19T01:29:58Z,2018-07-26T19:17:03Z,2018-07-24T10:21:05Z,220b77140bce70dcf9c767f8f04758b09097db14,2018-05-12T05:47:22Z,0,0,846,done,29,146,0.0,1.0,0.0,0.0,True
joelittlejohn/jsonschema2pojo,10,3922,1108,3922,9131,master,Java,2013-06-22T22:28:53Z,2018-07-26T18:15:46Z,2018-07-18T15:19:13Z,d7ead7b097f9b26082b21e655103a1159f820b8f,2018-07-18T15:19:13Z,0,0,1056,done,223,610,0.0,1.0,1.0,1.0,False
johncarl81/parceler,8,3333,253,3333,1540,master,Java,2013-07-03T02:53:01Z,2018-07-26T15:32:18Z,2018-07-20T16:35:41Z,4058607bd00bd94c4f6dc45c2115154a5e059381,2018-07-20T16:35:33Z,0,0,677,done,85,220,0.0,1.0,1.0,0.0,False
junit-team/junit4,1,6978,2685,6978,22661,master,Java,2009-01-13T03:41:26Z,2018-07-26T18:12:59Z,2018-07-16T07:13:02Z,64eb7302653c1263767eee550e5b53d9af66ba0d,2018-07-15T12:23:58Z,0,0,916,done,114,546,0.0,1.0,0.0,0.0,True
jwtk/jjwt,1,3458,562,3458,706,master,Java,2014-09-13T01:06:24Z,2018-07-26T15:27:23Z,2018-07-25T17:00:18Z,45f83d0cb1571e98e078b6f97cbedbd846fba154,2018-07-25T17:00:11Z,0,0,858,done,61,190,0.0,1.0,0.0,0.0,True
lecho/hellocharts-android,1,5989,1546,5989,6126,master,Java,2014-10-12T09:12:37Z,2018-07-26T15:50:43Z,2018-07-09T08:49:09Z,c41419c9afa097452dee823c7eba0e5136aa96bd,2018-03-18T20:35:52Z,0,0,890,done,49,198,0.0,1.0,1.0,0.0,False
lets-blade/blade,1,3922,840,3922,4901,master,Java,2015-06-10T03:35:49Z,2018-07-26T11:31:04Z,2018-07-15T16:26:42Z,3624e25484a93303d9b2988666ad34fc31cd9285,2018-07-15T16:26:41Z,0,0,877,done,73,281,0.0,1.0,1.0,0.0,False
liaohuqiu/android-Ultra-Pull-To-Refresh,5,9213,2829,9213,3474,master,Java,2014-11-13T03:13:10Z,2018-07-26T10:50:20Z,2018-05-04T21:12:00Z,46fdc861243a3d90dca1f5d31f3c82559ee9e4fa,2016-05-04T03:01:31Z,0,0,846,done,57,144,0.0,1.0,1.0,0.0,False
libgdx/libgdx,27,14163,5705,14163,1001510,master,Java,2012-08-10T19:34:38Z,2018-07-26T22:37:12Z,2018-07-23T08:28:55Z,56bcbace6b94af3e71884ddd742b24b276515ea8,2018-07-20T17:42:36Z,0,0,8512,done,729,4962,0.0,1.0,1.0,1.0,False
liyifeng1994/ssm,1,3433,1755,3433,12370,master,Java,2016-06-18T17:58:56Z,2018-07-26T14:10:01Z,2018-06-07T07:44:00Z,f3f90d79e50410c2f661ff309dd022322bdbc7cf,2018-06-07T07:43:59Z,0,0,1483,done,33,68,0.0,1.0,0.0,0.0,True
mcxiaoke/android-volley,1,4454,1724,4454,952,master,Java,2013-05-21T05:35:26Z,2018-07-24T06:54:11Z,2017-05-15T08:20:04Z,6864be3efadf3a33793228c0ce721a72d7a78731,2017-05-15T08:20:03Z,0,0,1076,done,19,97,0.0,1.0,1.0,1.0,False
medcl/elasticsearch-analysis-ik,1,4779,1262,4779,7552,master,Java,2011-12-16T09:01:45Z,2018-07-26T13:29:00Z,2018-07-26T10:04:50Z,1422d5b96c6c6797367a93b69e9b37c35c72fcd1,2018-07-26T02:25:44Z,0,0,1341,done,22,44,0.0,1.0,0.0,0.0,True
mybatis/mybatis-3,1,8066,5002,8066,82094,master,Java,2013-02-14T19:03:32Z,2018-07-26T14:03:41Z,2018-07-26T16:41:33Z,f32c6249c25dfe8880fcfda2ea7b5d6a276f4b44,2018-07-25T18:29:29Z,0,0,2329,done,268,1674,0.0,1.0,0.0,0.0,True
naver/pinpoint,30,6482,2082,6482,199618,master,Java,2014-10-20T09:27:22Z,2018-07-26T14:26:07Z,2018-07-25T10:20:50Z,bae3a4d2dde8aeccd45cd697c77116f786e0c7f4,2018-07-25T10:20:48Z,0,0,9489,done,2204,6965,0.0,1.0,0.0,0.0,True
neo4j/neo4j,30,5322,1376,5322,427178,3.5,Java,2012-11-12T08:46:15Z,2018-07-26T11:04:40Z,2018-07-26T11:04:26Z,87a789cdcd4f89b0e0d5452a9e0eb57f9b715a6f,2018-07-26T08:31:06Z,0,0,14504,done,2759,9888,0.0,1.0,0.0,1.0,False
netty/netty,30,15072,6642,15072,51746,4.1,Java,2010-11-09T09:22:21Z,2018-07-26T17:56:46Z,2018-07-26T23:06:11Z,620dad0c2602440f2c457a5cb2a4c7a29e786bda,2018-07-26T17:56:32Z,0,0,2233,done,659,2759,0.0,1.0,0.0,0.0,True
nhaarman/ListViewAnimations,5,5691,1821,5691,25513,master,Java,2013-03-19T11:59:23Z,2018-07-26T02:43:28Z,2016-11-03T13:04:11Z,23617960178fb5af3099c07996569cc305a40945,2016-11-03T13:04:11Z,0,0,860,done,84,190,0.0,1.0,1.0,0.0,False
openhab/openhab1-addons,30,3483,1734,3483,230967,master,Java,2013-09-20T20:28:43Z,2018-07-26T22:28:48Z,2018-07-26T22:28:31Z,cc5280f66a9827cbb240346381656394b5e66fda,2018-07-26T22:28:30Z,241,0,15016,done,3615,6687,1.0,1.0,0.0,0.0,False
openzipkin/zipkin,30,9080,1507,9080,39757,master,Java,2012-06-06T18:26:16Z,2018-07-26T16:45:44Z,2018-07-26T12:36:52Z,3bcf8d119070b3fe73bf86d5932c046ff12dec7b,2018-07-26T12:36:49Z,0,0,1285,done,404,561,0.0,1.0,0.0,0.0,True
orfjackal/retrolambda,6,3428,219,3428,1006,master,Java,2013-07-20T07:25:22Z,2018-07-26T02:56:53Z,2018-05-30T11:15:47Z,54ac5e8c79825f20462be7ce344649913fe134d1,2018-05-30T11:13:43Z,0,0,823,done,77,161,0.0,1.0,0.0,0.0,True
orientechnologies/orientdb,17,3566,750,3566,225828,develop,Java,2012-12-09T20:33:47Z,2018-07-26T17:46:54Z,2018-07-26T21:24:27Z,f7e13521f89acbe3b6098c6c856223027bfe68cf,2018-07-26T17:46:32Z,3,0,3916,done,790,3953,1.0,1.0,0.0,0.0,False
pagehelper/Mybatis-PageHelper,1,4823,1686,4823,4222,master,Java,2014-06-09T15:32:30Z,2018-07-26T09:26:39Z,2018-07-05T16:24:43Z,78b4701359ef807192549d74f82a79e9f47bd4b3,2018-04-22T01:46:28Z,0,0,963,done,58,173,0.0,1.0,0.0,0.0,True
pardom-zz/ActiveAndroid,3,4591,1111,4591,18083,master,Java,2012-11-15T18:10:45Z,2018-07-25T09:17:57Z,2018-07-26T19:32:20Z,08c6335cd7324c6e72da536b0c6fffa5a798f6a2,2014-10-07T14:39:58Z,0,0,1042,done,30,88,0.0,1.0,1.0,1.0,False
perwendel/spark,1,7588,1388,7588,2323,master,Java,2011-05-05T11:52:05Z,2018-07-26T15:14:10Z,2018-07-19T22:52:00Z,c697d981268c538dfeeb38786bd9eb0a03ab86f0,2018-06-11T09:23:40Z,0,0,959,done,64,204,0.0,1.0,0.0,0.0,True
prestodb/presto,30,7826,2661,7826,95190,master,Java,2012-08-09T01:03:37Z,2018-07-26T22:06:16Z,2018-07-26T22:20:05Z,d3c9272f3d02233f6a8549d95ab491be70afd465,2018-07-26T22:04:57Z,0,0,7270,done,1293,6638,0.0,1.0,0.0,0.0,True
proxyee-down-org/proxyee-down,6,12014,2110,12014,4627,master,Java,2017-10-25T10:07:27Z,2018-07-26T19:15:28Z,2018-07-24T14:43:29Z,ab2efdee645540725738d3764e0d6afb2624af12,2018-05-24T08:02:39Z,0,0,992,done,109,190,0.0,1.0,0.0,0.0,True
redisson/redisson,8,5821,1565,5821,9273,master,Java,2014-01-11T14:06:25Z,2018-07-26T22:15:07Z,2018-07-23T01:53:22Z,fa36e304383f00b5f678d3b4381d9c871aa1b143,2018-07-19T15:07:19Z,0,0,1330,done,151,970,0.0,1.0,0.0,0.0,True
robolectric/robolectric,1,4081,1126,4081,39425,master,Java,2010-08-28T00:28:25Z,2018-07-26T17:44:59Z,2018-07-26T17:44:39Z,83407e9a4c6e7f48774c86438f8e8bf5151bc25d,2018-07-26T17:44:38Z,0,0,1834,done,425,1529,0.0,0.0,1.0,0.0,True
rzwitserloot/lombok,6,6513,1222,6513,73908,master,Java,2009-06-08T19:46:41Z,2018-07-26T14:48:11Z,2018-07-25T22:17:44Z,61fbd4a7f82180871e635a0ca80248e0cec02cf3,2018-07-25T22:17:09Z,0,0,1472,done,188,1356,0.0,1.0,1.0,1.0,False
scribejava/scribejava,7,4491,1546,4491,2981,master,Java,2010-09-05T19:11:40Z,2018-07-26T19:33:31Z,2018-07-26T19:33:25Z,f96b6768cd2fcdb1f242e8de62e6737d4d0c4b02,2018-07-26T19:23:16Z,0,0,954,done,138,264,0.0,1.0,0.0,0.0,True
sharding-sphere/sharding-sphere,18,4907,1879,4907,21844,dev,Java,2016-01-18T12:49:26Z,2018-07-26T12:26:43Z,2018-07-26T10:46:35Z,3c166002e0eb5985ebadd63ee8cad8e7f6a584df,2018-07-26T10:46:23Z,0,0,3019,done,847,2289,0.0,1.0,0.0,0.0,True
shuzheng/zheng,30,10962,5484,10962,40992,master,Java,2016-10-04T10:07:06Z,2018-07-26T19:18:40Z,2018-07-21T08:02:47Z,11f2e86e9a1cec80cd1a1e41f270d7e2da6ee781,2018-07-04T08:37:38Z,0,0,1923,done,714,1232,0.0,1.0,0.0,0.0,True
spring-projects/spring-boot,30,27067,19644,27067,78183,master,Java,2012-10-19T15:02:57Z,2018-07-26T23:03:56Z,2018-07-26T23:03:44Z,ec2e3c4c0eff5e60c4ffbd8d8ad2809646ff228a,2018-07-26T23:03:37Z,0,0,7911,done,3101,5509,1.0,1.0,1.0,1.0,False
springside/springside4,10,5374,3073,5374,4827,master,Java,2012-02-23T08:39:03Z,2018-07-26T11:12:59Z,2018-06-06T06:21:26Z,cda225316162793bc9a299dbde94ba54762eb839,2018-06-06T06:21:26Z,0,0,982,done,139,240,0.0,1.0,0.0,0.0,True
sqshq/PiggyMetrics,9,3479,1964,3479,1439,master,Java,2015-03-29T17:56:31Z,2018-07-26T16:19:21Z,2018-07-23T03:54:39Z,2060d05aec9867e6bc73491c590365f2ab9203a0,2018-07-22T22:20:21Z,0,0,862,done,157,194,0.0,1.0,0.0,0.0,True
square/dagger,30,6831,2448,6831,6834,master,Java,2012-08-02T23:25:32Z,2018-07-26T12:37:08Z,2018-01-10T15:24:37Z,572cdd2fe97fc3c148fb3d8e1b2ce7beb4dcbcde,2018-01-10T15:24:29Z,0,0,966,done,187,210,0.0,1.0,0.0,0.0,True
square/javapoet,1,5580,681,5580,1728,master,Java,2013-02-01T16:56:30Z,2018-07-26T10:50:44Z,2018-07-26T17:25:46Z,1469cfa30536afbaa8fcfe9d2ee0745ec0213bca,2018-07-11T07:35:51Z,0,0,857,done,12,46,0.0,1.0,0.0,0.0,True
square/okhttp,18,27799,6419,27799,17883,master,Java,2012-07-23T13:42:55Z,2018-07-26T21:41:33Z,2018-07-20T14:53:49Z,80bb3b175b860890d29e33d90010bf727d16ccde,2018-07-20T14:53:48Z,0,0,1030,done,218,385,0.0,1.0,0.0,0.0,True
square/otto,3,5109,908,5109,703,master,Java,2012-06-27T19:06:49Z,2018-07-26T21:17:19Z,2018-04-24T21:23:36Z,2a67589abd91879cf23a8c96542b59349485ec3d,2018-04-24T21:23:35Z,0,0,763,done,31,62,0.0,1.0,0.0,0.0,True
square/retrofit,21,28890,5579,28890,4698,master,Java,2010-09-06T21:39:43Z,2018-07-26T16:39:21Z,2018-07-20T13:57:26Z,c1b100f3c4e84711fa23bdfed03cb78c4d8a8f19,2018-07-14T05:09:51Z,0,0,1011,done,217,289,0.0,1.0,0.0,0.0,True
stanfordnlp/CoreNLP,4,5039,1839,5039,284825,master,Java,2013-06-27T21:13:49Z,2018-07-26T17:45:00Z,2018-07-24T02:58:41Z,bc22c5c62ce9fcc18310499764a97869002f47af,2018-07-24T02:58:36Z,0,0,3664,done,355,2634,1.0,1.0,1.0,1.0,False
swagger-api/swagger-core,9,5121,1600,5121,12232,master,Java,2011-07-05T23:44:11Z,2018-07-26T12:39:08Z,2018-07-26T02:35:25Z,110ae2bae21b7f2e64aff3691953c11a533a14c9,2018-07-18T09:46:16Z,0,0,1175,done,238,660,0.0,1.0,0.0,0.0,True
thinkaurelius/titan,26,4741,986,4741,91250,titan10,Java,2012-02-25T22:53:53Z,2018-07-26T14:23:04Z,2017-02-18T21:00:37Z,ee226e52415b8bf43b700afac75fa5b9767993a5,2015-12-03T10:40:44Z,0,0,1982,done,550,1992,0.0,1.0,0.0,0.0,True
weibocom/motan,25,4458,1526,4458,4359,master,Java,2016-04-20T10:56:17Z,2018-07-26T13:13:35Z,2018-07-17T09:57:44Z,f8e0d4940a527dec5720ffc0f223b283efd0c071,2018-07-11T05:20:56Z,0,0,1126,done,467,745,0.0,1.0,0.0,0.0,True
xetorthio/jedis,1,6868,2802,6868,7246,master,Java,2010-06-11T13:04:43Z,2018-07-26T15:36:14Z,2018-07-26T09:50:33Z,d1fb17ce3021f8bac135aef3fd306d62c877c13c,2018-06-03T14:13:14Z,0,0,912,done,22,187,0.0,1.0,0.0,0.0,True
xuxueli/xxl-job,8,4796,2039,4796,27772,master,Java,2015-11-28T12:59:34Z,2018-07-26T17:20:18Z,2018-07-22T14:02:28Z,86dc203d54914fea32adad841b9e0ca4f1bd55be,2018-07-03T14:14:13Z,0,0,1120,done,197,336,0.0,1.0,0.0,0.0,True
zxing/zxing,8,19394,7579,19394,239557,master,Java,2011-10-12T14:07:27Z,2018-07-26T17:58:20Z,2018-07-24T23:16:39Z,96d974f44dc13ab3927402732bde1987160afcf2,2018-07-24T23:16:34Z,0,0,3684,done,369,3608,0.0,1.0,0.0,0.0,True
